variant,model_type,MAE,MAE,RMSE,RMSE,SMAPE,SMAPE
,,mean,std,mean,std,mean,std
A0,point,83905.796875,,146139.671875,,0.06917507946491241,
A0,quantile(q50),279319.78125,,414372.75,,0.28038489818573,
A1,point,85202.5234375,,149030.28125,,0.07026613503694534,
A1,quantile(q50),2537694.25,,2859875.0,,1.0121983289718628,
A2,point,91169.890625,,164462.34375,,0.07523175328969955,
A2,quantile(q50),2537015.0,,2859112.75,,1.0120667219161987,
