variant,model_type,MAE,MAE,RMSE,RMSE,SMAPE,SMAPE
,,mean,std,mean,std,mean,std
A0,point,108473.40625,,166056.625,,0.08731936663389206,
A0,quantile(q50),71553.9921875,,114369.9453125,,0.059290118515491486,
A1,point,105169.6484375,,160425.578125,,0.08540170639753342,
A1,quantile(q50),71458.4609375,,112050.0703125,,0.05951368436217308,
A2,point,88148.4453125,,141899.375,,0.07286465167999268,
A2,quantile(q50),71835.984375,,111054.265625,,0.06021488830447197,
