variant,model_type,MAE,MAE,RMSE,RMSE,SMAPE,SMAPE
,,mean,std,mean,std,mean,std
A0,point,83576.2265625,,144911.21875,,0.06936270743608475,
A0,quantile(q50),253046096.0,,752241088.0,,1.9889545440673828,
A1,point,83555.8828125,,146189.703125,,0.06904253363609314,
A1,quantile(q50),9298800.0,,111304624.0,,1.998854160308838,
A2,point,80834.21875,,140435.0625,,0.06678939610719681,
A2,quantile(q50),230890000.0,,848032640.0,,1.9950940608978271,
