variant,model_type,MAE,MAE,RMSE,RMSE,SMAPE,SMAPE
,,mean,std,mean,std,mean,std
A0,point,123906.7890625,,229813.78125,,0.09539750218391418,
A0,quantile(q50),150842.76171875,43811.10424972314,235213.78125,23728.581130059185,0.1158936433494091,0.03133218318559724
A1,point,202372.796875,,348315.5,,0.1380067765712738,
A1,quantile(q50),197012.140625,5025.1869230236725,325871.546875,6121.489695992678,0.13781481981277466,0.003766642777994344
A2,point,215381.625,,324163.96875,,0.1478414535522461,
A2,quantile(q50),198210.9921875,25610.91043012123,328106.09375,47223.9937990221,0.138221874833107,0.011058068643803267
